<?xml version="1.0" encoding="UTF-8"?>
<project-private xmlns="http://www.netbeans.org/ns/project-private/1">
    <editor-bookmarks xmlns="http://www.netbeans.org/ns/editor-bookmarks/2" lastBookmarkId="0"/>
    <open-files xmlns="http://www.netbeans.org/ns/projectui-open-files/2">
        <group>
            <file>file:/D:/Users/PedroBorreganBurgos/OneDrive/Documentos%20(PC%20Clase)/Segundo/Desarrollo%20de%20Interfaces/Java/Projects/GestionClientes/src/gui/Principal.java</file>
            <file>file:/D:/Users/PedroBorreganBurgos/OneDrive/Documentos%20(PC%20Clase)/Segundo/Desarrollo%20de%20Interfaces/Java/Projects/GestionClientes/src/gui/DialogoAlta.java</file>
        </group>
    </open-files>
</project-private>
