<?xml version="1.0"?>
<!DOCTYPE hibernate-mapping PUBLIC "-//Hibernate/Hibernate Mapping DTD 3.0//EN"
"http://www.hibernate.org/dtd/hibernate-mapping-3.0.dtd">
<!-- Generated 19-feb-2025 10:36:02 by Hibernate Tools 4.3.1 -->
<hibernate-mapping>
    <class name="orm.FormaPago" table="formaPago" catalog="gimnasioExamen4" optimistic-lock="version">
        <id name="codPago" type="java.lang.Integer">
            <column name="cod_pago" />
            <generator class="identity" />
        </id>
        <property name="nomPago" type="string">
            <column name="nom_pago" length="10" not-null="true" />
        </property>
        <set name="socioses" table="socios" inverse="true" lazy="true" fetch="select">
            <key>
                <column name="id_pago" not-null="true" />
            </key>
            <one-to-many class="orm.Socios" />
        </set>
    </class>
</hibernate-mapping>
